label,pca_x,pca_y,tsne_x,tsne_y
0,-72.75471497,-37.91279221,-20.13580704,20.98839188
0,-34.90435791,-47.84425735,0.54348493,3.83879542
0,-38.66928101,-47.44234848,5.78283644,6.69175768
0,-38.26295853,-46.98572922,0.01247024,3.64363527
0,-105.57546234,43.52153778,-31.82981110,-0.63136733
0,-93.13153839,50.46057892,-29.01414871,-2.21262074
0,-68.43289185,58.53148651,-12.95951271,-12.51731682
0,-73.93474579,53.85993958,-17.62372208,-23.98743820
0,-26.07192612,-6.88422632,-8.44344616,23.42828369
0,-24.64867401,-20.87815666,10.19893074,-11.02251911
0,-43.69106293,-16.78155136,10.65190792,-13.01145554
0,-42.19418335,-14.89963150,9.72318268,-12.57220364
0,13.06302452,-65.57344055,-12.03132725,28.62997437
0,55.44881439,-72.36672211,21.28855515,7.90455532
0,30.70308113,-66.44199371,20.96748734,0.87330759
0,-9.00697803,-60.31750488,21.50084877,-2.59861946
1,-66.46569824,15.06764412,-15.84969044,18.02345085
1,-37.34059525,14.71776581,-0.65715575,-7.78176689
1,-51.20295715,11.05566502,-0.21658766,-7.02632761
1,-50.82621002,10.95718956,0.71217191,-5.97478199
0,-34.15500641,19.45504189,-6.87142944,21.51741600
0,-20.68149567,37.49765396,7.16875172,-15.60476780
0,-10.44097996,66.04081726,4.86304903,-18.05699730
0,-32.35681534,66.65090942,-14.82003498,-25.00276566
0,-55.00933075,7.74276114,-14.14853096,19.09213066
0,0.98596257,16.37151909,5.82892752,-8.33213043
0,-0.52437359,10.95365143,6.18360806,-7.94634485
0,-2.39419389,9.70829010,8.20881748,-5.04870129
0,-112.57002258,29.47550583,-23.00721169,8.40918636
0,-102.43707275,33.76309204,-22.83885193,5.93665838
0,-105.03791046,34.83498764,-22.79499054,6.63513803
0,-104.41377258,35.30854797,-22.10224915,5.91499186
1,10.50978851,-97.67330933,-19.79925537,30.19184303
1,176.00961304,-139.37417603,27.90764809,15.81858253
1,154.56384277,-118.01948547,28.14548302,12.39575481
1,150.09748840,-115.17753601,29.71235466,12.74555016
0,-77.13513947,17.28630447,-13.88918877,13.85746956
0,-64.25146484,18.58486366,-2.02173042,-10.60639763
0,-72.78379822,18.99882317,-0.92011333,-7.27816677
0,-72.98995972,19.50880623,1.03801703,-5.94757700
0,55.85971832,58.38820267,-3.82802725,16.90793800
0,116.14987946,79.03028107,0.15951607,-23.07488251
0,98.66477966,89.59087372,-3.20992780,-24.09040833
0,47.45532227,78.35474396,-9.10487747,-24.62630081
0,-42.65723419,1.83251357,-14.17254448,20.33431625
0,14.88999081,5.50332165,8.47085285,-4.78714752
0,13.24092388,2.76016641,8.20166206,-6.86560249
0,12.87162399,1.91411340,12.28937149,-4.33014822
0,-128.42140198,10.88672161,-23.31460190,11.05134392
0,-110.88800049,21.37520599,-25.20774460,2.68805289
0,-111.03140259,24.69839859,-26.55990410,4.20986891
0,-109.66183472,24.94580841,-24.02989578,2.13845158
1,-46.28872681,-60.31972885,-19.31017685,25.99305534
1,-6.04138279,-65.87265015,10.31352806,7.07917404
1,-9.16545677,-59.08977127,10.32421303,7.43499613
1,-9.62666225,-57.10908890,10.43578720,7.96083784
0,-75.31331635,30.30198288,-17.18994331,15.40231037
0,-36.26391983,25.77245903,-4.15126228,-4.33892584
0,-33.41783524,22.04676056,-4.06196690,-4.21893024
0,-31.67695045,23.81667519,-6.95547247,-8.27343273
0,20.85610008,193.56913757,-5.57481384,12.70677853
0,130.06922913,292.36877441,1.15350103,-34.21237183
0,114.93758392,273.53359985,0.29560617,-33.91497421
0,68.28587341,231.56381226,-2.27825356,-34.47666168
1,99.82778931,-43.45087051,-9.70418644,35.47132492
1,181.76419067,-34.53689957,35.83929443,1.74728847
1,164.06285095,-34.20138550,33.37656784,-0.51620364
1,109.53623962,-26.02761269,28.97661591,-2.76496887
0,-86.72562408,11.04520130,-22.28030777,18.25269127
0,-40.85211563,32.11788559,-3.43355155,-7.79150248
0,-56.94441605,33.01746750,-4.10318279,-12.06301117
0,-58.74504852,31.79351997,-2.38255572,-8.85144520
0,-5.73189592,-14.37844086,-6.73859453,29.03144836
0,2.22793794,-19.48864937,11.87968636,-10.99852371
0,-24.29777718,-14.95274734,11.56296158,-13.94640732
0,-23.61792183,-14.90179825,12.99385262,-13.17906284
0,-50.10699081,-36.13474655,-16.25576782,25.72639847
0,2.63703132,-46.20978928,12.51032257,4.39680195
0,17.03328896,-49.56690216,15.90027428,3.44125199
0,22.28804398,-49.82922363,16.00806999,3.59606695
1,160.17359924,-2.76177859,-9.26235199,37.68910980
1,237.44094849,-6.72059965,38.24725723,0.82645887
1,194.53330994,-6.69677448,33.37493515,0.94249040
1,131.92687988,-1.51146972,30.24426079,-2.64072657
0,-115.45011902,24.81168938,-22.27113724,14.59724617
0,-81.35381317,48.65251160,-12.82741737,-4.72203636
0,-78.53485107,46.77909470,-11.89334488,-5.38417101
0,-78.17519379,45.04320145,-11.15619850,-5.93369293
0,-50.58405304,-36.50160980,-19.61341476,25.26024055
0,-7.84902573,-39.68158340,9.50732803,6.57627344
0,-6.69923258,-43.54079819,9.24513149,3.91304398
0,-7.15479803,-46.89501572,9.26167107,3.92019343
1,6.31788778,-110.82299805,-17.37413979,32.06747437
1,65.28234100,-122.08120728,19.38838959,14.40735912
1,58.13257599,-118.35982513,19.29442596,9.61905384
1,65.34005737,-122.35514832,18.78841400,13.38028812
0,-42.14604950,-27.08833122,-15.39676762,24.23176765
0,30.96563148,-24.59412193,13.15210056,-4.08944130
0,34.73008728,-25.48994637,14.62206745,-5.11074924
0,35.16210175,-26.63863945,14.73182011,-5.18434429
0,-58.99456406,-0.57530499,-16.28129768,7.68749475
0,-54.92985153,7.52523661,-1.09167516,-5.17078829
0,-53.07770157,21.56537628,-17.10485458,-10.07698250
0,-75.15429688,23.05006790,-16.60884857,-21.20108986
0,31.51513100,79.32037354,-8.28612804,13.30557251
0,125.08744812,120.38892365,0.34417638,-30.29298973
0,110.82358551,112.59379578,0.14365543,-30.26214409
0,65.25012207,93.76457977,-5.03133774,-33.10363007
0,-76.21236420,-6.67785501,-20.30937958,18.54068375
0,-50.21741104,-3.63512182,-8.72673607,0.84074885
0,-57.89043045,-4.23291588,-9.84226799,1.28499067
0,-60.28889465,-5.23255539,-4.58427477,-1.48245060
0,12.78824043,197.41572571,-5.82558012,12.18809414
0,128.99896240,299.42358398,1.85583627,-34.53403473
0,116.39258575,284.05160522,0.58398414,-34.65425873
0,73.22703552,246.15051270,-1.80860507,-34.60013199
0,96.52717590,-13.86427689,-10.38490009,34.96343231
0,166.48081970,-0.52102298,35.97978210,2.46865249
0,143.71641541,-3.10174823,32.99437714,-1.15096664
0,89.55041504,-2.33468819,28.72186661,-3.58624268
0,54.11223221,173.37464905,-6.62234592,12.97099972
0,124.04460907,233.77946472,1.53022444,-33.23797607
0,102.16831970,211.57369995,-1.05902600,-33.61816025
0,48.10765457,168.94781494,-3.64578080,-34.20948029
0,-29.63870430,-23.64519119,-3.13644433,24.95852280
0,-0.58556753,-25.57281685,16.10129166,-14.69630718
0,20.57130814,-0.64646095,16.05462456,-23.36305618
0,-2.31143165,10.78596592,-17.84313011,-28.22744751
1,57.96473312,-39.94068146,-0.79969746,29.86845589
1,35.39537811,-26.75259590,17.59421730,-15.90247536
1,44.33520508,-21.44231224,21.48896217,-19.83674431
1,11.02894878,-14.39193439,-15.58241367,-29.58025932
0,-63.78540421,24.61733818,-16.09403038,17.49031258
0,-34.95228577,42.37267303,-3.69352674,-7.88730001
0,-44.52773666,47.53201675,-4.32191563,-12.67006683
0,-44.41313553,48.59788132,-2.48098183,-11.23433113
0,-40.65892792,13.35286331,-15.76423740,21.02202797
0,5.61974669,11.88144112,6.45865774,-4.67864847
0,-1.19311070,21.76394844,-11.84961510,-16.87291908
0,-26.60984039,27.15056801,-13.13352299,-17.58860016
0,-79.44416046,1.32855403,-16.76130867,20.47229767
0,-66.51651764,-13.52210331,-17.17528152,2.28296566
0,-78.22370148,-13.26984215,-19.69935608,-0.91649461
0,-76.62543488,-12.11117649,-19.67537880,-0.92358124
0,16.69737816,-5.69030380,-4.39920616,26.77042007
0,57.46622467,7.41534901,17.92982483,-20.97696686
0,72.18660736,28.47486115,18.07909203,-21.41860199
0,51.62121201,37.08124924,-17.98299980,-29.73281479
0,-99.65916443,-0.53251636,-20.18820000,17.50743866
0,-68.70233917,0.66673493,-10.09510612,0.70762825
0,-68.23256683,0.47065568,-10.70049572,1.02370369
0,-67.64707184,-0.30148628,-4.76706600,-1.54617786
0,1.70711184,165.70462036,-7.65392542,11.71255875
0,74.52462769,214.40257263,-1.59174728,-31.24251175
0,32.39867783,169.35816956,-3.91417098,-31.96596718
0,-17.90955925,127.04797363,-6.31976080,-31.61669540
0,-52.33261871,42.74270630,-15.83206940,16.99323082
0,-26.33049393,58.84679031,-4.45348597,-7.87626076
0,-28.39399147,62.70314026,-8.15228367,-17.42759323
0,-43.85639572,52.61663055,-14.01339531,-20.29040146
0,-86.61584473,3.00905681,-22.13144493,16.67352104
0,-49.51079559,10.76085949,-6.87011433,-3.08197784
0,-49.52689362,5.85827637,-5.85068798,-3.07372284
0,-50.77289200,3.50200605,-6.87363768,-0.69043595
0,-40.74876785,-25.64746857,-3.28047109,24.78805542
0,5.03618336,-24.28067589,13.60083485,-13.36294556
0,26.80062103,-6.40885019,15.04197121,-22.25357246
0,7.22709322,4.61967659,-18.64366531,-28.73177147
1,0.34683701,-59.69232941,-10.97328186,28.24857521
1,50.33360672,-59.02973557,24.71312523,6.88437462
1,40.90672684,-47.94337463,27.82237434,0.22416399
1,1.38739133,-41.35152817,21.76502991,-3.68381810
1,-33.57915497,-67.34152985,-17.98479652,28.30706978
1,45.12650681,-81.16138458,16.31078148,11.09925079
1,55.59529495,-83.00167847,19.46698189,7.06080723
1,66.12849426,-88.49763489,19.72396469,10.76381588
0,-64.27798462,8.09401131,-16.18829346,8.91970539
0,-54.05610275,14.37741280,-0.83098465,-10.43836117
0,-49.37715912,32.23994446,-15.67352200,-10.07782173
0,-65.00378418,34.81303787,-17.32438469,-22.52885437
0,10.44719791,-68.35034943,-11.73797226,28.40174866
0,49.86664200,-75.15745544,21.16920662,7.84207010
0,21.48212624,-68.67298889,20.54386330,0.91780895
0,-17.93406296,-61.25502014,20.48435211,-1.86367071
1,-52.75759125,-41.68604660,-17.90916824,26.10777473
1,6.26628160,-51.72994232,12.81150532,9.20296860
1,17.38746452,-57.25511932,12.92936516,9.50643444
1,20.17973900,-58.90972519,14.56752300,5.88764858
0,-121.87772369,14.05824757,-22.11280823,13.93936539
0,-90.25315857,28.31200218,-12.69629765,-3.30980253
0,-87.62638092,28.01122284,-11.97850704,-3.71126890
0,-85.92619324,29.22724342,-11.10997486,-4.99470425
1,-32.51048660,-23.14242554,-4.95985651,25.00222778
1,17.64386368,-19.38018990,15.91123390,-17.91041183
1,15.59531593,-22.05130577,16.01700974,-11.91220570
1,15.86660576,-21.83761406,15.98853493,-18.01352692
0,-22.95755959,46.24438095,-7.20181704,20.03124809
0,29.51902580,52.74263000,8.47245121,-17.06745720
0,19.12526131,54.19168854,4.64104271,-19.18943596
0,-25.38895798,49.82052612,-14.01637268,-25.68321800
1,-6.22714043,-85.69217682,-11.73068237,29.87681961
1,48.27852249,-96.37029266,22.24900627,11.05194664
1,35.69823837,-86.08077240,22.40653610,2.50150132
1,0.12115068,-72.73660278,22.26642609,-1.76490223
1,133.83758545,-108.78980255,-7.28346777,34.64586258
1,191.82411194,-112.86925507,30.61404610,13.46118355
1,163.63940430,-94.86195374,31.38830757,3.64660621
1,101.73856354,-74.97430420,26.95360184,-2.87490964
0,-73.44507599,-26.65899277,-19.77161407,23.72083855
0,-44.45282364,-31.69493484,4.76460457,3.71952963
0,-45.44712067,-28.51519203,-0.31718835,2.22808146
0,-44.61797714,-27.28421021,4.81179333,3.10745859
0,-26.66021538,30.35957718,-13.29375648,18.07931900
0,29.00188065,42.43500137,-0.63565075,-19.22933388
0,34.03828430,43.49008942,-0.56398821,-19.62335205
0,36.75023651,42.02945709,-0.09438635,-19.74157906
1,-41.40914154,-58.47735214,-18.09792900,26.58720779
1,18.31023788,-74.73428345,14.90645790,6.41391802
1,31.18671227,-82.02472687,17.77173042,10.60314465
1,33.51827621,-82.65000916,16.31025696,6.62927055
0,-131.31510925,6.75403500,-23.45078468,9.88767815
0,-124.05703735,6.34714842,-23.86148834,3.84035158
0,-129.26795959,6.46017838,-25.83191490,5.55613661
0,-129.67173767,7.26898384,-24.64285660,4.30090427
0,-146.73483276,6.79832506,-25.55461311,9.61351013
0,-115.47110748,21.61363602,-25.53611946,4.07030392
0,-112.85948181,25.95471191,-26.76224709,5.29781771
0,-112.67380524,27.00462914,-25.67607498,3.27953386
1,-71.62777710,7.24136257,-13.39683628,13.59084320
1,-61.03163528,9.54296207,0.96919227,-9.62002468
1,-65.59274292,16.72480202,0.93247193,-9.80749798
1,-64.09738159,20.63286400,0.28867489,-10.55010033
1,66.91205597,-46.11775589,-2.30500126,29.65742683
1,42.66555405,-29.68954468,21.49732590,-15.34345913
1,54.36988449,-27.83942604,23.59881592,-21.39415741
1,22.51151276,-19.52522469,-16.32323647,-30.90825844
1,69.45316315,-48.57527161,-2.15345311,31.23587799
1,60.22016144,-42.87666702,24.77236366,-17.20307922
1,73.27866364,-35.21331787,24.49342918,-16.48254585
1,40.11864090,-25.13048553,-19.23171806,-31.36942673
1,26.14099884,-34.34470749,-4.19564390,27.54793358
1,49.20579147,-25.66327858,20.29245186,-17.93084526
1,50.91342545,-20.34697723,20.64581490,-18.26494026
1,10.82799053,-13.59080982,-15.03923702,-29.17110252
1,39.14145279,-117.81845093,-9.85520458,29.78922844
1,85.18715668,-128.69750977,23.80301285,12.65873623
1,72.37310791,-121.08544922,21.71714973,3.69405556
1,31.71138763,-104.80471802,22.86680984,-0.26144841
0,-62.18767166,34.33116531,-16.34662247,13.07495785
0,-40.69277954,41.26218033,-8.78445530,-7.78944397
0,-38.43296814,40.96232986,-7.75888586,-8.00726891
0,-36.85056305,39.40288162,-10.71761322,-8.76517105
1,53.36759567,-27.72287750,-5.49427700,30.67694092
1,58.74093628,-40.06872177,16.25603676,-9.98066711
1,26.91896439,-38.95286179,17.44717789,-17.28453636
1,27.06124306,-37.59877396,16.47567940,-11.60951519
0,-26.29772186,-19.12725067,-3.94827819,23.72229767
0,-1.58947396,-15.44776535,11.55957794,-16.22530365
0,10.39021301,4.74606133,5.76122665,-19.82536316
0,-19.35146713,10.45891476,-15.98912525,-27.31188393
0,-70.59155273,-14.13371563,-19.16383553,19.43157768
0,-28.47867012,-15.52713203,-1.41011870,0.56255758
0,-23.49036980,-19.53602219,4.66677332,5.15898418
0,-22.07805824,-20.22784615,-1.00448227,0.93497062
1,93.88028717,-30.23680878,-1.23350680,32.03037643
1,68.10158539,-24.35887909,23.69762230,-21.65404892
1,71.29049683,-19.61735535,23.51597977,-20.41627312
1,34.21974182,-11.14300919,-16.17350006,-31.27511215
0,-63.30304718,43.68268204,-14.01573849,17.25248909
0,-6.94670916,63.35953522,-3.48533416,-18.76474953
0,-6.15775681,57.20776749,-3.46124768,-19.08035088
0,-5.46257019,57.20211792,-3.25189614,-19.64014244
1,30.67481613,-62.18666840,-13.39925194,31.79095650
1,106.40328217,-79.76585388,27.63166809,9.89848137
1,110.69265747,-79.89934540,28.92916679,9.88428307
1,111.85333252,-79.29920197,28.87632370,10.00743866
0,-108.67810822,-0.06640979,-22.53468323,10.28064537
0,-105.87007904,0.22001782,-23.32097244,2.74971962
0,-113.34679413,3.64877510,-24.26369286,3.05721259
0,-112.67437744,5.13899326,-22.47615623,4.34928894
1,108.88574219,-79.12388611,-6.10002041,33.31506729
1,91.87660980,-69.21583557,24.81200027,9.23262501
1,41.05281830,-52.88051605,18.24225426,-17.47168541
1,40.54252625,-50.48746490,17.67816734,-12.15736198
1,27.98145103,-73.58210754,-14.12946987,31.35916901
1,115.49533081,-80.27164459,29.67660332,9.69333839
1,124.50556183,-80.09120941,31.58445358,10.53197765
1,126.67926025,-79.14476013,31.76444435,10.53227711
0,40.35732651,76.00202942,-3.66486907,16.96096230
0,88.07778931,92.05188751,0.12391148,-22.99576378
0,69.84075928,103.63300323,-3.46774697,-24.11688614
0,20.90533638,89.11126709,-9.39377975,-24.52939987
1,10.36368275,-73.62529755,-8.72609806,27.42334557
1,10.09897804,-48.67226410,19.11294746,-13.69217777
1,4.73877907,-32.88250351,15.07142353,-13.93817806
1,5.09514189,-30.66478729,19.05807114,-13.85906601
0,-94.20773315,-0.42661673,-21.00762749,16.93339539
0,-57.95106506,5.46733379,-7.58440161,-0.79028279
0,-54.75870132,2.70133519,-7.82331324,0.32349512
0,-52.40270996,1.86917663,-2.89974785,-0.64336038
1,3.90539479,-98.48371887,-10.52896690,29.91408730
1,52.68924713,-106.88901520,23.09565163,11.99391460
1,38.19747925,-97.78832245,21.69045258,2.78095770
1,0.64689893,-83.87934875,21.96596527,-1.07759392
1,38.23321152,-34.57042694,-10.82444572,32.08584213
1,113.60291290,-43.36907196,26.34454536,6.04854918
1,109.53652954,-36.76484299,27.52547264,1.90680981
1,70.39810181,-26.07391167,26.42370796,-1.69407010
0,-97.20209503,25.50035858,-19.20139885,14.98333931
0,-35.26077652,54.22836304,-5.68412638,-13.91701889
0,-29.50030136,46.73002625,-3.05475140,-13.94466496
0,-29.53569984,45.44250107,-1.24323046,-12.69025421
0,-94.29739380,44.06227112,-15.31488419,-4.26268387
0,-81.87762451,50.68105698,-12.66732216,-7.87322664
0,-80.18693542,49.96891022,-14.62182426,-4.62216520
0,-78.65841675,49.77896881,-12.25459194,-7.66641521
0,2.13479853,-71.44083405,-13.39109993,28.56432533
0,41.24635315,-80.35350800,18.45523834,8.80437851
0,13.93116283,-73.88706207,19.80856133,0.66999364
0,-20.17088127,-66.72917175,20.22877312,-2.48329139
0,-119.78226471,-27.10779190,-24.08534813,16.76219368
0,-43.51229095,-20.02917480,3.81151938,5.16309023
0,-28.06446457,-22.36472321,1.07220602,1.53639710
0,-27.81433868,-22.18970490,5.20112848,2.31035590
0,-19.50987053,-15.98590374,-13.35663700,25.10562515
0,33.90932465,-18.16590881,13.48353577,0.34967193
0,25.75641632,-12.87583351,14.49603939,0.19848821
0,-6.55934286,-6.39533567,21.36156273,-4.77115631
0,8.58371639,-19.99898338,-1.90022838,24.80659103
0,30.66348076,-16.28392792,16.93621826,-13.52809620
0,39.26416779,-1.89379811,15.32501030,-22.81844902
0,12.44624805,8.11413288,-18.53874969,-28.09328461
0,-83.27488708,14.77658558,-18.74911690,15.70418739
0,-27.14165878,33.71289062,-5.02665615,-13.68459415
0,-25.70320320,27.42138672,-2.43550301,-13.25459099
0,-26.15184021,27.90499878,-1.18654156,-12.07140160
1,0.21076041,-23.84765244,-7.01715899,26.29218864
1,7.11621761,-14.52243996,13.63273621,-16.14540482
1,-3.99730635,-6.74115086,13.43030643,-17.72924995
1,-3.66040802,-4.21671629,13.41284561,-17.65494537
0,-131.90692139,9.88975239,-23.98432159,8.92940807
0,-123.03519440,8.55009460,-23.93074799,5.09661150
0,-124.99201965,11.07094765,-24.54000664,5.63469744
0,-125.09777069,11.76019192,-24.87473297,6.14980555
1,77.02207947,-9.38813210,-11.56089115,36.52617645
1,187.34167480,-6.29522705,36.21231461,0.98235685
1,176.82591248,-9.28007984,33.87113190,-1.89463186
1,136.66024780,-6.53625870,32.89837265,-2.33173513
1,106.68082428,-2.81270099,-10.49709511,37.30310059
1,219.52384949,-1.98324907,37.31190109,0.01989367
1,199.63569641,3.33676481,35.55951691,-0.27813077
1,154.26075745,7.35885620,31.69217110,-1.71472538
1,-20.39465332,-71.22729492,-17.10264969,27.70116234
1,30.70623970,-81.72815704,16.23177147,9.83503819
1,25.85531998,-76.14839172,16.47098160,8.49114323
1,22.69673538,-73.71724701,13.89721107,8.17945957
1,73.97853088,-49.12274933,-7.93367290,32.87373352
1,126.27143097,-47.23774338,30.14917374,8.04698086
1,101.04646301,-39.38086319,28.92119789,0.81384307
1,49.32427597,-31.30817604,25.65172577,-3.96809459
0,1.61826491,63.48129272,-2.62446475,17.16270447
0,30.48640060,79.59786224,-2.06015730,-20.60741425
0,5.84828377,78.52162170,-4.58422709,-21.66384315
0,-31.58386612,59.50569153,-10.91997910,-23.31521606
1,3.88295054,-73.34081268,-11.61342335,29.38972473
1,27.37331581,-71.20652771,14.15195370,10.85262012
1,27.69395828,-67.51258850,18.72563171,3.20544958
1,8.76675797,-61.94940948,21.16343880,-1.62081301
0,-79.55177307,-18.23735237,-20.08034897,19.74649429
0,-51.61856461,-24.46223068,-1.11967361,2.65459442
0,-53.21751785,-26.30590057,5.11421728,6.08737516
0,-53.64757919,-25.73804855,-0.73942304,2.22324157
0,-61.89568710,-33.15156555,-19.46473122,24.25582314
0,-30.32104301,-37.64519119,5.44720459,4.71289587
0,-36.69684219,-34.09671402,0.18218631,2.99549770
0,-38.22383881,-33.00345612,5.35500669,4.12241840
0,-133.73446655,64.06010437,-30.94734573,0.27587959
0,-115.49719238,69.67014313,-30.31224442,-1.77333558
0,-117.37499237,71.40328217,-31.02512932,-1.26079977
0,-118.10025787,70.35591888,-30.09902573,-1.68075705
0,43.21285248,196.14956665,-6.41829252,12.19430256
0,137.44889832,282.42352295,2.15832949,-33.73222733
0,118.58904266,263.27246094,-0.51662487,-34.56259537
0,64.05181885,215.65234375,-3.09871101,-34.90821457
1,-57.15562439,-7.73665428,-13.07241917,20.73645020
1,-44.00870895,1.31987739,2.38335848,-5.86754847
1,-55.33693314,8.15470600,3.17893505,-10.52354717
1,-54.35179520,11.33396053,3.20443797,-10.57314777
0,-44.65467072,-42.75812531,-17.56481934,25.05200386
0,-10.44153118,-48.41030502,8.34598160,7.79684830
0,-25.72290611,-45.99244690,9.66151714,2.40122795
0,-52.38365173,-42.38201141,9.93803787,1.74808788
0,55.11803818,23.29533577,-11.76946354,35.43791580
0,145.19845581,45.50037766,36.00480270,4.02179623
0,131.25509644,41.65199280,34.17361450,-3.53402853
0,87.14275360,39.04045105,29.55915451,-4.49273252
1,-8.32462215,-71.31620026,-16.20189095,29.01478004
1,57.39606094,-87.58806610,20.38359451,11.76109791
1,65.27389526,-91.05625153,20.84927940,9.25369740
1,66.15108490,-91.13928986,20.64246559,11.59880543
0,-33.60328674,18.54033852,-4.79078484,21.94954872
0,-20.75639534,29.45058441,5.37087011,-11.66507721
0,-15.74366856,42.39763260,4.01735640,-16.94284248
0,-35.91231155,41.76979446,-16.54380417,-24.95218468
0,-93.35137939,43.37953186,-17.67952347,14.50592518
0,-50.87458038,64.84156036,-9.04731178,-11.17629051
0,-38.36149216,65.55479431,-9.93221378,-10.60692692
0,-34.46223831,67.25186157,-8.80801296,-11.63428974
1,23.96074295,-37.88245773,-14.12590885,32.60671234
1,96.74514008,-45.60871506,24.85096169,4.22964239
1,80.02762604,-45.25098801,24.20228004,2.89446425
1,41.74140167,-36.41430283,23.98384857,-1.76500535
1,87.90505219,-64.24573517,-8.42273140,33.66941071
1,144.90502930,-67.10107422,31.32765961,8.82548237
1,124.56906128,-59.27025604,29.99982262,1.09268987
1,73.96497345,-47.72245789,27.00065994,-4.33748293
1,-15.99526978,16.63426018,-6.29653072,22.93346214
1,8.10724258,22.75602531,9.59333420,-19.57822227
1,9.58292389,29.70929146,7.70494938,-20.02076149
1,-17.67491531,31.18615532,-15.47538757,-26.05166245
0,-33.52202606,20.79538727,-6.94109917,21.55616570
0,-17.17639732,32.33682251,7.28602123,-15.37951469
0,-9.40975285,36.92806625,6.65953398,-17.98903465
0,-30.70944977,36.60375214,-16.14879608,-25.82585907
0,87.83691406,-8.66413975,-1.36881554,31.96599579
0,74.45458221,-1.92078006,23.90907860,-13.58715153
0,84.39404297,14.88817978,19.15239334,-22.46835327
0,55.98629761,22.62585068,-18.06477165,-30.55603218
0,-83.19842529,20.17944908,-20.63732147,7.94258976
0,-70.35099792,25.20363617,-18.37365913,3.75713229
0,-69.56616974,44.53511429,-16.50304031,-9.37848282
0,-85.91380310,45.36354065,-17.56218719,-21.42288017
0,6.38973188,104.23395538,-2.36062121,17.10925865
0,47.13033676,137.91204834,-1.56250894,-21.86912537
0,26.14009285,134.56790161,-4.40693188,-23.18668556
0,-16.01346779,103.23809814,-9.17034340,-23.61317444
0,-136.13934326,14.43166161,-24.64293480,8.81362343
0,-124.41661072,14.23809433,-23.91374207,6.14834929
0,-125.33027649,12.60657692,-24.74951935,6.95846796
0,-124.65408325,13.50015831,-24.05907440,6.88134289
0,-69.23105621,3.47593522,-17.83126068,17.18615341
0,-16.71703529,10.51324272,1.30735219,-12.54870319
0,-14.45363331,5.75622463,6.33429623,-5.50272465
0,-13.32245350,5.05022049,6.31090927,-5.65588617
0,-41.26083755,14.17769146,-11.69192696,18.23324203
0,-16.41572189,18.81720734,3.36048126,-1.64473510
0,-37.96381378,15.08861923,-12.43172932,-18.73966026
0,-67.31838226,3.78915858,-15.00621223,-18.68784904
0,-33.36732101,-99.40996552,-17.44626999,29.47096825
0,35.56827927,-109.92259216,16.64125061,13.90709019
0,46.26600266,-108.31813049,16.74526215,12.94568062
0,49.08859634,-105.68937683,16.76409912,13.24264908
1,100.11088562,-76.88846588,-7.64402962,34.03648376
1,157.25053406,-77.40243530,31.41116714,12.83243561
1,130.76074219,-66.35281372,30.96648979,3.42120361
1,79.72169495,-53.92413330,26.70655632,-3.23233604
1,107.72578430,-33.41046906,-10.40507126,36.25881577
1,222.81076050,-33.70458221,38.44911575,1.53982818
1,217.76342773,-37.95672226,33.55033493,1.53158331
1,176.66728210,-33.76602173,32.72536469,0.90699327
0,-60.54542160,8.26850510,-16.14125252,20.81469917
0,-19.52254486,12.44367409,0.38045952,-3.14317918
0,-26.45098495,13.66372395,-0.28497455,-2.77992845
0,-51.75955200,12.97052383,-14.46561432,-19.92402840
0,-85.19943237,26.06831169,-20.12404442,13.35764027
0,-52.84009171,33.68537903,-8.56379032,-5.28286695
0,-52.38189316,28.82020760,-8.09488583,-5.15645456
0,-55.00677872,25.17492676,-7.45385504,-3.32595730
0,-7.74162149,-54.47753143,-14.11097813,27.75059128
0,29.48491096,-64.00783539,16.54684067,4.46058512
0,8.72689247,-56.37181091,19.19954109,-0.12914619
0,-22.20483398,-49.89579773,19.50945282,-1.62083793
1,-30.88561630,-9.80534554,-4.60236263,22.63908768
1,-23.84696007,2.21601033,4.77169180,-13.76323605
1,-16.14767456,10.30319214,4.62939548,-14.28670788
1,-34.50886536,12.90465164,-17.04656219,-25.75721359
0,44.77190781,152.25006104,-5.92436647,13.53349686
0,147.87361145,212.71626282,1.24770296,-32.60857391
0,127.32377625,194.43461609,-0.34290105,-32.87561417
0,81.85002899,163.05183411,-3.16910696,-33.74518204
0,-88.18370056,18.81976509,-20.31958389,9.10924435
0,-71.58390808,22.08382416,-18.09692955,3.34101009
0,-68.88610840,40.54623795,-15.75831699,-9.66107655
0,-80.35913086,45.35230255,-17.52557373,-22.00520325
1,-47.40431976,12.62738419,-8.25419044,20.16195488
1,-2.37497139,23.06695747,8.56886005,-18.08638382
1,-2.32370687,23.16517639,9.35387611,-18.51085281
1,-3.28167033,22.79769325,9.57095528,-18.50325584
0,-120.36842346,17.04257393,-23.60325432,14.55079269
0,-87.98859406,33.72832108,-12.34462643,-5.94956589
0,-85.71409607,31.95450401,-10.42056751,-5.65150404
0,-85.70954895,32.06119156,-13.81047916,-3.50408435
0,-112.74041748,7.17398119,-21.36533928,14.35505962
0,-80.20619965,18.57088661,-11.82032871,-2.58978963
0,-79.79675293,19.36576271,-9.48998642,-3.11141944
0,-79.19917297,20.01223183,-12.00683403,-1.97545111
1,57.64316559,-52.47262192,-0.92102265,29.85741043
1,38.13146210,-39.78885269,18.26545715,-16.26891899
1,54.09955597,-39.53049088,21.61973000,-19.75607872
1,24.93382645,-32.19860077,-15.03880310,-30.08378410
0,-46.50687027,-64.77912140,-16.87413979,26.86032104
0,10.26058674,-73.60350800,15.66609859,9.81885624
0,19.75347519,-76.17574310,16.83200073,8.84067345
0,22.58517075,-76.68788147,14.64412498,8.15866375
0,-92.90335846,17.42619514,-20.15785789,16.60079956
0,-61.05302048,24.70304108,-8.09721661,-1.61969101
0,-60.13525772,24.86766815,-7.84383011,-1.78473771
0,-59.59320450,25.77483368,-11.67889118,-0.16562553
1,-5.61849499,-7.06120586,-5.76614618,23.42213249
1,-1.07707202,6.31662846,10.76236153,-19.27626610
1,-6.90724564,13.47372627,11.24805450,-16.47037888
1,-7.28494692,12.97675514,11.02815247,-19.30327988
0,-24.50220680,11.62116051,-12.47428799,20.12385178
0,2.52137685,6.91116238,7.00492001,-2.65714645
0,-22.54334068,2.62487483,-12.68063259,-18.05516052
0,-54.04993820,-2.27148128,-14.33503342,-17.92455292
0,20.83598900,-29.18556786,-6.66926241,29.41557693
0,26.53388214,-34.54716873,13.70754242,-10.00201702
0,-5.65565777,-26.86639595,13.84185886,-11.54502773
0,-5.94662428,-27.06387711,13.84059525,-11.51454163
1,-66.00089264,43.59384918,-14.31190968,14.73181820
1,-32.24849701,55.72724533,-2.60590005,-14.16619682
1,-30.05585098,56.63981628,-1.54295564,-14.10976696
1,-30.46103287,53.58854294,-0.79412103,-13.56878567
1,69.16705322,-41.76581192,-4.35437155,31.04282379
1,98.57246399,-43.46178055,25.05188560,-14.46820927
1,113.26560974,-33.34331894,25.34836960,-15.07274437
1,73.80296326,-22.17746544,-17.96055222,-31.76388931
1,-18.04041672,-84.01271820,-19.04818344,29.65274048
1,124.16939545,-121.11661530,28.03873825,14.20112705
1,130.83108521,-122.20381927,27.42541504,13.93176365
1,113.96269226,-112.89427948,26.83504486,13.71543026
1,-79.18270111,-1.62042034,-18.18410110,17.56027794
1,-44.11531067,4.03510904,2.65040541,-9.00949192
1,-46.72874451,0.88472146,2.55832052,-8.27352715
1,-48.15731430,-0.42730144,5.32865810,-11.66652870
1,50.63543320,-105.24244690,-12.51065922,32.31183624
1,119.25169373,-109.35215759,29.23847008,11.61510468
1,115.26260376,-103.60746002,27.40284729,11.45610046
1,118.30893707,-103.87819672,29.95249748,11.60173416
0,-118.74661255,4.55543089,-23.55203438,15.16779613
0,-82.35487366,14.76317120,-11.16738224,-2.22127843
0,-81.04178619,12.92672729,-9.68090725,-4.86708975
0,-82.07583618,12.56092644,-13.02621174,-2.28018665
0,57.68031311,-15.57941151,-7.36802006,31.66180611
0,118.87060547,-12.36130047,31.24145699,6.49026251
0,98.09853363,-9.50627613,28.69324684,1.81761312
0,48.99351120,-8.40252686,25.23451805,-4.35724783
0,-7.81541634,112.84243011,-8.74746895,11.05871868
0,28.85624313,137.89381409,-2.79081178,-30.30198669
0,-3.53814697,104.94903564,-4.73643160,-30.93272972
0,-44.63518143,75.81813049,-6.62626886,-30.79619980
0,-103.84805298,14.86590385,-20.79891205,14.91246891
0,-59.85189819,36.28515244,-9.21498966,-8.88553524
0,-49.47304535,40.98937607,-8.00524235,-9.30036354
0,-44.75569916,43.77191925,-10.05349541,-10.02996731
1,-20.53272438,-30.36030579,-5.19549179,25.35673523
1,28.13782883,-16.33478546,16.15310860,-16.16609001
1,23.47397041,-14.27184868,18.66135216,-14.99397850
1,23.32986450,-11.89788914,15.12112617,-16.43996239
1,72.07171631,58.07726669,-12.56088352,36.47052383
1,215.77366638,77.40513611,38.21029663,-2.13149357
1,222.14314270,67.39717102,37.19503784,-1.42135870
1,188.03538513,65.57905579,36.19881058,-1.85210550
0,-42.45410538,39.82921600,-11.65023232,17.79399109
0,-15.67372227,55.01916504,-7.84496355,-12.04238033
0,-39.69763947,44.69962311,-11.81881332,-20.66167450
0,-70.33633423,26.37221909,-15.70077991,-18.09342384
0,-118.13632965,69.82333374,-31.78653336,0.23960194
0,-48.17029572,70.15294647,-11.94044495,-12.28143120
0,-22.91369438,66.16883087,-7.37815809,-14.54458141
0,-48.52115250,59.75386047,-12.79222107,-21.60440826
0,-122.19892883,4.04350805,-24.49986267,10.69733524
0,-96.94292450,4.64790201,-21.47809792,2.47783685
0,-99.08710480,4.40813398,-22.57279015,1.41896319
0,-98.82629395,4.67274904,-21.22801018,3.40955257
1,0.56985867,-50.19369125,-7.88237143,26.91980934
1,17.43505669,-28.82161331,14.03434277,-14.95996857
1,5.31413412,-22.71956253,14.48092461,-15.09539795
1,3.90271211,-22.22671509,14.80940247,-15.36611462
0,-12.83515167,-49.28239441,-14.90740108,29.84091568
0,66.87339783,-50.95738983,28.38688278,5.96739388
0,77.50937653,-49.98759460,28.21543312,8.06589603
0,80.25679779,-49.17360306,25.37227058,6.77668619
0,21.32167053,2.31525016,-2.62473607,26.63799477
0,23.57932281,-8.67135334,16.35085487,-13.95118046
0,32.67096329,11.65729141,15.95289040,-23.34352112
0,8.37631035,25.14215660,-18.44672012,-27.54138756
1,132.37693787,-14.82832527,-9.58534622,37.49748611
1,228.40275574,-14.26928425,37.95401001,0.17556866
1,209.58219910,-18.50220490,34.59210968,0.25860095
1,156.07104492,-12.81676769,30.48383522,-1.89957952
0,-97.28327942,1.72248328,-20.95949745,15.67080593
0,-63.85646439,7.26922226,-10.90943146,-0.57276922
0,-60.33432388,6.62809849,-10.13432121,-0.26861104
0,-58.26921082,6.54566097,-4.31692219,-3.02492356
0,-73.94611359,41.37199020,-16.69021225,14.24479771
0,-50.12078857,52.84341812,-10.77352810,-7.53819656
0,-65.72148895,45.60782242,-12.15180016,-19.87350273
0,-89.57943726,30.94468117,-15.60385609,-18.66691017
0,65.94922638,109.48699188,-4.88788319,15.76518250
0,156.37751770,133.37858582,0.79949802,-25.38927841
0,124.79988861,107.16598511,-1.43006539,-25.76931000
0,69.95128632,92.12896729,-7.75361109,-25.93292999
0,-159.11535645,30.07077217,-30.28055191,0.64841521
0,-134.89884949,31.87219238,-29.04522705,-0.45554936
0,-134.63658142,31.24525833,-29.02699471,-0.42820689
0,-134.12686157,32.54224014,-28.70430183,-0.78443074
0,-115.71385956,13.43899155,-22.64847946,15.13393497
0,-81.98350525,31.23865509,-11.20783710,-4.10609245
0,-76.45133209,28.90577888,-10.27802563,-4.29276514
0,-75.43932343,27.52119255,-10.67888832,-3.24056029
0,-54.98499680,71.60531616,-15.79187584,15.45187187
0,3.75477815,104.53450775,-8.45854568,-15.50309944
0,1.65574825,105.10028839,-7.87220192,-14.98274803
0,-27.92157364,89.69997406,-12.55204868,-22.06607628
0,-60.47478485,-7.71925640,-22.83993149,20.01693916
0,66.55464172,-0.58573568,26.10743713,3.93338013
0,83.92391968,-8.33250046,26.26218033,3.08984852
0,72.04687500,-5.69810295,26.42546082,2.62352085
0,-21.83890915,-44.60980225,-15.63759041,27.38729286
0,42.70005798,-47.41635895,18.61725998,5.53890228
0,44.98856735,-52.05903625,16.80979156,6.17409182
0,45.02896500,-53.06431198,19.02526665,6.28066206
1,3.87398410,-65.80387878,-13.45119095,29.98974419
1,84.64112091,-76.10894012,25.61201668,10.38587093
1,86.19635773,-79.06361389,26.77747917,8.55973244
1,84.39593506,-78.89762115,25.43252754,10.42831612
1,-5.18733168,-100.22533417,-16.63730621,30.77911377
1,40.95512772,-110.25781250,19.22127533,11.97183990
1,42.00050735,-106.81508636,21.74053955,9.15805912
1,44.52200317,-106.92236328,21.47317696,9.80914783
0,-33.28076553,14.50973415,-6.96667242,20.89105606
0,-18.76967239,28.10554314,7.29983139,-17.80109596
0,-7.26028347,38.69811630,4.76341677,-17.15242195
0,-26.94988632,41.51824570,-15.75064468,-25.22004890
0,96.32498932,60.03734207,-5.55681705,16.42344666
0,202.39198303,90.17910767,38.10893250,-3.01934409
0,177.26202393,71.11230469,35.54268265,-3.04184270
0,121.32469177,63.02247620,30.80869484,-4.58215809
1,17.62058067,-26.11426735,-14.93256855,30.55611801
1,115.73505402,-33.03741837,28.91704559,6.14651823
1,124.00489807,-37.74458694,28.89394951,7.72610378
1,125.42401886,-38.51953506,29.80895805,6.93855381
1,-44.56779480,-44.41001129,-18.74653053,25.21542358
1,-2.36095047,-47.21268845,6.95797157,4.06137943
1,-7.85399294,-43.23619461,6.84293842,6.32103586
1,-8.32498741,-41.98094559,1.90127134,1.61435938
1,59.33970261,-92.84686279,-12.05563068,32.87341309
1,136.95077515,-115.40171051,26.44042397,15.20019245
1,119.71724701,-106.33509827,25.84049225,14.05222321
1,77.02667236,-88.93171692,25.14596558,-1.20537996
0,-47.53031540,104.97059631,-8.87904644,11.33253384
0,36.23305511,134.81347656,-2.78396916,-30.35840416
0,17.48026848,115.78863525,-4.11078167,-30.80603027
0,-20.55110931,89.01673126,-6.32591677,-30.90526199
1,49.06933212,-39.63584137,-2.65310478,29.95905495
1,54.27581787,-33.36870956,22.45714760,-15.65913773
1,68.51279449,-17.41758347,22.80684280,-15.85446358
1,43.66822815,-7.49087381,-19.07305145,-30.64501762
0,-29.52128983,-18.16198349,-14.81617546,24.61061668
0,33.55996704,-14.13990688,13.24288559,-0.78645271
0,34.35971451,-19.96002579,13.50750446,0.05488512
0,34.27341080,-21.01755333,13.61957932,-3.46481657
0,-375.35015869,-149.41342163,-31.84812355,9.65438366
0,-375.34939575,-149.41293335,-32.10323715,10.88107681
0,-375.34936523,-149.41293335,-31.61221313,10.35229683
0,-375.34893799,-149.41326904,-32.27848053,10.19197845
0,-375.34930420,-149.41358948,-33.00302505,10.05850506
0,-375.34954834,-149.41386414,-32.78598404,10.71283245
0,-375.35000610,-149.41406250,-32.55231857,9.52582645
